trial,file,d_mm,fs,N_raw,t_end_raw,t_start_A,t_start_B,t_start,B_preswing_mm,T,N,bin_Hz,halfbin_Hz,d_track_mm,A_mm,eta_leak,xi_leak,method,f1,f2,f1_rect,f2_rect,f1_hann,f2_hann,f1_hamming,f2_hamming,f1_blackman,f2_blackman,f1_winspread,f2_winspread,f1A_rect,f2A_rect,f1A_hann,f2A_hann,f1A_hamming,f2A_hamming,f1A_blackman,f2A_blackman,f1_A,f2_A,rA,f1_B,f2_B,rB,ratio_pred,T_beat_fft,T_beat_env,dT_beat_env,n_beats,tau_s,env_minmax
1,24.5_1.txt,24.5,119.38523465373709,1306,10.931,0.31,0.084,0.31,2.7799999999999994,10.621078927203097,1269,0.09415239326004474,0.04707619663002237,27.11846336214867,2.804056601958317,0.0286134482616916,0.03381317344508747,eta/xi,6.419406301627559,8.540313099876714,6.419406301627559,8.540313099876714,6.419476067246483,8.540302452545498,6.419449180474011,8.540309330668581,6.4194870060408284,8.540298505348625,4.0352206634786114e-05,7.297264044581198e-06,6.419439545011424,8.54020849437364,6.419437644466647,8.540319183634676,6.419437455401834,8.540266010768542,6.41943681386028,8.540296041789569,6.419437644466647,8.540319183634676,0.4813090545224997,6.41951670950622,8.540281866568815,0.5274643316824766,0.5649917974845377,0.47149643766784893,0.4719122633488464,0.0004117584355112246,21,26.195980875246807,0.32814125741606365
2,24.5_2.txt,24.5,119.99595632834614,1188,9.892,0.258,0.292,0.292,nan,9.600323504633543,1153,0.10416315653502255,0.05208157826751127,27.49357245481377,2.761715582233412,0.021815757436476832,0.02289376265648667,eta/xi,6.421293219437205,7.839840269879861,6.421293219437205,7.839840269879861,6.421397349259975,7.839894723174277,6.4213647678478285,7.839876563488542,6.421409393647153,7.839908189641549,5.8087104974013926e-05,3.395988084387014e-05,6.420620756916791,7.840768860341238,6.421472733411461,7.83980600612326,6.421202348470576,7.840121968549789,6.421489092824438,7.839815797566284,6.421472733411461,7.83980600612326,0.6558923481210531,6.4213219570736,7.839983606628014,0.6563846390748285,0.6708579563598918,0.7049466562902872,0.7008294768416093,0.0032826401795207315,13,45.25568406042755,0.21292365778239827
3,24.5_3.txt,24.5,119.99595632834614,1188,9.892,0.258,0.283,0.283,nan,9.608657118786871,1154,0.10407281554930266,0.05203640777465133,27.493553377108302,2.8044783986240027,0.02017491652468311,0.020543095627586543,eta/xi,6.419514099267027,7.942010611956036,6.419514099267027,7.942010611956036,6.419516465950591,7.9420546383968045,6.419514042912039,7.942040422339441,6.419519220611115,7.9420509439199,2.588849538298632e-06,2.2013220384309307e-05,6.418820039293638,7.943083726620489,6.419555540516313,7.9421177130118465,6.419321219810939,7.942431756050381,6.419566228859653,7.94212994578662,6.419555540516313,7.9421177130118465,0.6577736731337037,6.419477353503322,7.941991292088711,0.6566703768637538,0.6533462278929072,0.6568159543655151,0.6542184739439172,0.0029751496388255656,14,45.08901287582616,0.21890513846818244
4,24.5_4.txt,24.5,120.00406793450627,1181,9.833,0.308,0.342,0.342,nan,9.49134491525422,1140,0.10535914656234106,0.05267957328117053,27.497121654112863,2.766026107815459,0.004975724108070568,0.006036789678518976,eta/xi,6.416411537105998,7.9879878034034935,6.416411537105998,7.9879878034034935,6.416575635071889,7.988096764147925,6.4165243643877865,7.988061954404665,6.416581394666831,7.988091637505628,8.492878041632679e-05,5.4480372215781614e-05,6.414993786532159,7.991045059056174,6.416638923443418,7.987977782726808,6.416131833973275,7.988915611646068,6.41662972775181,7.9879601083364085,6.416638923443418,7.987977782726808,0.6566416474413777,6.416512323706794,7.988215898037364,0.6572473277724338,0.6452226966024379,0.6363038316657186,0.6283733063310059,0.003066326931538467,15,31.080175268496216,0.21713221405624178
5,24.5_5.txt,24.5,120.0,1171,9.75,0.333,0.367,0.367,nan,9.383333333333361,1127,0.10657193605683805,0.05328596802841903,27.49812220090785,2.7927819097221964,0.014172261925500407,0.01620439185998214,eta/xi,6.420021950351175,7.890372030245143,6.420021950351175,7.890372030245143,6.420024883514742,7.890567131869943,6.420021558650929,7.8905059613813044,6.420019425193067,7.890563745052812,2.729160837322553e-06,9.755081239992691e-05,6.418693092162522,7.893377281978939,6.420073728207142,7.890562327619756,6.419648475067024,7.89139967947222,6.420069610740513,7.89058767022653,6.420073728207142,7.890562327619756,0.6573069788952399,6.4199759479782905,7.890571992442601,0.6580378882803515,0.6620306015353602,0.68011014089387,0.6691369047619069,0.004243334095345736,14,25.74652990412965,0.2109271535557599
1,26.5_1.txt,26.5,120.0,1198,9.975,0.308,0.342,0.342,nan,9.633333333333363,1157,0.1038062283737021,0.05190311418685105,29.49859186224752,2.7843187152777036,0.004984846973053897,0.006267114746522102,eta/xi,6.425508812448881,7.460476292880371,6.425508812448881,7.460476292880371,6.425675980523362,7.460635182377305,6.42562356803878,7.460585190252765,6.42567316719291,7.460630201107916,8.358403724040286e-05,7.944474846688365e-05,6.423062516828532,7.464482527054018,6.425725874929959,7.460529899351446,6.424900658071371,7.461756886022487,6.425689107562379,7.46058858080593,6.425725874929959,7.460529899351446,0.7391258864601281,6.4256260656937725,7.460740557256936,0.7387236954192921,0.7417916455985588,0.9662139331982569,0.9513636363636392,0.005933859855646361,10,30.44022190743808,0.15510326602037444
2,26.5_2.txt,26.5,120.00410972978527,1169,9.733,0.342,0.375,0.375,nan,9.358012842465785,1124,0.10686029361512454,0.05343014680756227,29.4974224409167,2.8010765445741423,0.01177513157691798,0.011184498603455162,eta/xi,6.417539520165063,7.475415489615783,6.417539520165063,7.475415489615783,6.417738243693987,7.47562435382139,6.417676502527084,7.475559733416459,6.41773859716244,7.475600615959862,9.953849868882259e-05,0.00010443210280319803,6.41492347827876,7.479571901229702,6.417803479964105,7.475567374259741,6.416924909384232,7.476783731435797,6.417771758291345,7.475614536858284,6.417803479964105,7.475567374259741,0.737294153070529,6.417672904047927,7.475681414733294,0.7393668085025449,0.7369982071766952,0.9452904015952158,0.9282257861145734,0.007100657359319549,10,28.208535633606896,0.15428114757920042
3,26.5_3.txt,26.5,120.0041203131438,1166,9.708,0.275,0.308,0.308,nan,9.399677253218881,1129,0.10638663148328355,0.053193315741641774,29.48959019989327,2.787055530340959,0.013693955336772309,0.0142123026371637,eta/xi,6.422660710748663,7.500830218891052,6.422660710748663,7.500830218891052,6.422737235141092,7.501038544072392,6.4227123182105625,7.500973603836503,6.422739935219265,7.501050643870692,3.9612235300801046e-05,0.00011021248982023835,6.420779090825786,7.503729791906683,6.422782901314778,7.500994255574556,6.422147981204403,7.501868785996446,6.422771881449236,7.501051512564472,6.422782901314778,7.500994255574556,0.7387612507679042,6.422691769645919,7.501082660943376,0.7389867656522637,0.7331811482211973,0.9274979420656505,0.9173169879047987,0.004989295707939257,10,42.02193098987796,0.15876835555142949
4,26.5_4.txt,26.5,120.0,1180,9.825,0.325,0.35,0.35,nan,9.47500000000003,1138,0.105540897097625,0.0527704485488125,29.49461169244289,2.8080781481481383,0.007975505978707569,0.009959304246183647,eta/xi,6.414453724921255,7.463594202344465,6.414453724921255,7.463594202344465,6.414399411438509,7.463664258251882,6.414414267867917,7.46364080916358,6.4143855676588055,7.4636775626770335,3.407863122495414e-05,4.1680166284141507e-05,6.412067056197476,7.468022922641795,6.414510306553921,7.4635583259168135,6.413758211251588,7.464923167189538,6.414485691893914,7.4636402858818265,6.414510306553921,7.4635583259168135,0.7377565014461742,6.4142884226361,7.4637700709213775,0.7392773744006199,0.7386238306880704,0.9531612034034722,0.9417424242424272,0.007495322147614636,10,29.20680851025183,0.15562472257462556
5,26.5_5.txt,26.5,119.99587288485347,1164,9.692,0.275,0.317,0.317,nan,9.375322441960474,1126,0.10666299811986946,0.05333149905993473,29.497563574839322,2.800074020851186,0.030657662018586756,0.031234218761612014,eta/xi,6.422748361535323,7.4481960320819525,6.422748361535323,7.4481960320819525,6.422767577890907,7.448377969420431,6.422759000192389,7.448321214693732,6.4227610251882945,7.4483774067690565,9.60817779205314e-06,9.096866923918867e-05,6.42175111752235,7.449521856687809,6.422779289949935,7.448332774691136,6.422443853139937,7.4487289332943,6.422748556108709,7.448362962358449,6.422779289949935,7.448332774691136,0.7384094486050398,6.42275595344089,7.448423295013759,0.7402480376643226,0.743600403975816,0.9751838428448871,0.9671039683160089,0.007827085609306889,9,39.50699048409407,0.14769458305269215
1,28.5_1.txt,28.5,119.99588350313881,1167,9.717,0.283,0.325,0.325,nan,9.391988850771861,1128,0.10647372094333535,0.053236860471667674,31.495089499490824,2.8146355748523,0.023555729095330595,0.026245242013006567,eta/xi,6.419256013292665,7.145791710634956,6.419256013292665,7.145791710634956,6.4193917023662195,7.145796048037051,6.419348273818106,7.145792306628046,6.41939759689242,7.145787620362629,7.079179987767859e-05,4.213837210720328e-06,6.415858792910798,7.151011182136832,6.419563269543355,7.145471182286659,6.418431878059093,7.147127876450321,6.419477452313543,7.145626089364756,6.419563269543355,7.145471182286659,0.8019121574196126,6.4192196430597495,7.146122673751839,0.8028405659448553,0.8069909924331848,1.3763948607866843,1.3280217471208018,0.019088533894891856,7,22.216914366560236,0.10893204676181
2,28.5_2.txt,28.5,120.0,1189,9.9,0.333,0.367,0.367,nan,9.533333333333363,1145,0.10489510489510456,0.05244755244755228,31.49526944632703,2.7989337268517875,0.0066980709809002425,0.010856793984929676,eta/xi,6.412910363605697,7.145643038717016,6.412910363605697,7.145643038717016,6.4130382934114545,7.145791488951111,6.412997150476359,7.1457444380708335,6.413037226643251,7.145795194936954,6.39649028788547e-05,7.607810996912434e-05,6.409187716750515,7.15120426485285,6.413246781657393,7.145559258213709,6.411985266295997,7.147319730982769,6.413156343372555,7.145731425955553,6.413246781657393,7.145559258213709,0.8047618508339635,6.412830585864003,7.146023438443388,0.8026424590301334,0.8054298201699239,1.364754205683644,1.3343253968254007,0.009083387364299199,7,31.073383889058004,0.10482223125101127
3,28.5_3.txt,28.5,120.0,1165,9.7,0.325,0.358,0.358,nan,9.341666666666695,1122,0.10704727921498629,0.053523639607493144,31.49760310320113,2.7963123032407946,0.008359664342528814,0.009879375291860849,eta/xi,6.422080844971271,7.171113682256173,6.422080844971271,7.171113682256173,6.422360275519696,7.171324037588549,6.422274055377289,7.171258701535729,6.422368573163337,7.171324587223013,0.00014386409603295292,0.00010545248341964353,6.4182170067010755,7.1764383352222,6.42252913859079,7.170957100667522,6.421184512756551,7.17267585592117,6.422428041007687,7.17111606619411,6.42252913859079,7.170957100667522,0.803070618797514,6.422192164549349,7.171689490521333,0.8025155666518641,0.8020073015522515,1.3350549538319367,1.3091269841269881,0.009581162734672771,7,30.290001007626746,0.09953372201261104
4,28.5_4.txt,28.5,120.0,1177,9.8,0.308,0.342,0.342,nan,9.458333333333362,1136,0.1057268722466957,0.05286343612334785,31.494859802736613,2.8068357638888317,0.012298333674820888,0.016083576856632458,eta/xi,6.417958472568004,7.165651909595627,6.417958472568004,7.165651909595627,6.41798319042096,7.165685679557044,6.4179732689642925,7.165673796337205,6.417977872481414,7.1656728278874375,1.2358926478217569e-05,1.6884980708731234e-05,6.41475877559385,7.170483532171512,6.418140628103728,7.165434781229106,6.417067187023793,7.167057219693198,6.4180366292587445,7.165557520921616,6.418140628103728,7.165434781229106,0.8048593754651252,6.417826504462677,7.165934992435061,0.801951790690254,0.8021995068020327,1.337446539554226,1.3027777777777816,0.009832612145855138,7,33.18459314101848,0.11579790709510401
5,28.5_5.txt,28.5,119.9959460829026,1185,9.867,0.342,0.375,0.375,nan,9.491987331081111,1140,0.10535201587612136,0.05267600793806068,31.492131521015708,2.8229440169857387,0.038323016576644546,0.041926873755313586,eta/xi,6.421102405510919,7.125592217972428,6.421102405510919,7.125592217972428,6.421278389048744,7.125664900423773,6.421223819992617,7.125640551073421,6.421275594543495,7.125653801596716,8.799176891249871e-05,3.634122567275355e-05,6.419146500076826,7.128519189362296,6.421439938615275,7.125430695748812,6.420721538653769,7.126383308343936,6.421380719259698,7.125517201788083,6.421439938615275,7.125430695748812,0.8019272442170909,6.421116263643433,7.125899891735188,0.8017307873925501,0.8120397006450902,1.4194669423337296,1.3994520390926686,0.015410176108297598,6,33.19660180145829,0.11197958295328887
1,31_1.txt,31.0,119.99665747472214,1437,11.967,0.333,0.375,0.375,nan,11.591989554317516,1392,0.08626646834990834,0.04313323417495417,33.99176521971915,2.818048140233296,0.017164138441325083,0.019254270585923716,eta/xi,6.416021485155336,6.940401617662846,6.416021485155336,6.940401617662846,6.416202135253351,6.9405413756065455,6.4161451793859205,6.940498252525076,6.416206474967985,6.940540239285342,9.249490632434743e-05,6.987897184984604e-05,6.41264954534473,6.9445025700200045,6.416497883598822,6.940197558548168,6.415260958593953,6.941595094346986,6.416384703629126,6.940388559529648,6.416497883598822,6.940197558548168,0.8600619277088501,6.415908784185648,6.940881048816501,0.8619238058897677,0.8545990672968665,1.9070135155924866,1.8863620672502932,0.02041124724243584,6,29.84835474081908,0.07074047984994192
2,31_2.txt,31.0,119.99665047730699,1434,11.942,0.342,0.383,0.383,nan,11.558655966503817,1388,0.08651524908241326,0.04325762454120663,33.9917106244292,2.8390118298829194,0.02953025114951832,0.03218198515573574,eta/xi,6.4201630336635045,6.864908186667023,6.4201630336635045,6.864908186667023,6.4201985058505135,6.865029906904545,6.420185027494386,6.864992349716994,6.420190525224986,6.865041484350294,1.7736093504527872e-05,6.66488416354305e-05,6.416881773543577,6.869058800026669,6.420535589919928,6.864507310666061,6.4193278038101305,6.866034276470059,6.420329162119025,6.86478999143034,6.420535589919928,6.864507310666061,0.8603818826614403,6.4198683214960734,6.8655390210459055,0.8613913837169879,0.874626530557455,2.248478692227791,2.2124427076064155,0.028185001489283695,5,27.767930544461635,0.07899951716287987
3,31_3.txt,31.0,120.0,1414,11.775,0.3,0.342,0.342,nan,11.433333333333369,1373,0.08746355685131169,0.04373177842565584,33.99055055726848,2.848343645833319,0.012245521109525502,0.012766795855902619,eta/xi,6.416520971203605,6.939540288135056,6.416520971203605,6.939540288135056,6.416702944570971,6.939678180364636,6.416645796422107,6.939635735319181,6.416706095554681,6.939674846616498,9.256217553810231e-05,6.894611478980295e-05,6.412596841319004,6.94444422118477,6.416974802661928,6.939347519927553,6.415595685504539,6.940961343843679,6.416822048384118,6.939566946206232,6.416974802661928,6.939347519927553,0.8602598229606503,6.416432472345639,6.940006170033689,0.8615580132307462,0.8549443235667974,1.911975270563598,1.8622023809523869,0.01836143100431118,6,27.66161195062917,0.0748408079637695
4,31_4.txt,31.0,120.00338037691202,1421,11.833,0.35,0.392,0.392,nan,11.441344366197178,1374,0.08740231637065701,0.043701158185328506,33.99129855686867,2.798040880477303,0.020852107718670614,0.02041704284716799,eta/xi,6.416838539061854,6.931491266690825,6.416838539061854,6.931491266690825,6.416987942660101,6.931591149329643,6.416941219514721,6.931560440507469,6.416985418546819,6.931598156082992,7.470179912338892e-05,5.344469608337121e-05,6.41294575241548,6.936408581129135,6.417298610555499,6.9312049754177645,6.415959522990722,6.932804319745013,6.41713857040671,6.9314305480204315,6.417298610555499,6.9312049754177645,0.8606757694719602,6.416677236700844,6.931976613562526,0.862026547152104,0.8570158669140517,1.9430578063912067,1.8800065643863173,0.02668258445194208,6,23.66490488497397,0.07041440932623012
5,31_5.txt,31.0,120.00342377813918,1403,11.683,0.283,0.333,0.333,nan,11.349676176890169,1363,0.08810824065942661,0.04405412032971331,33.99230721107831,2.782466521041383,0.04999342506413433,0.05201458989241599,eta/xi,6.423031687879468,6.919824957304362,6.423031687879468,6.919824957304362,6.423243773291736,6.919829566263154,6.423178159517712,6.919826820249188,6.4232596532300255,6.919834169791283,0.00011398267527873429,4.606243460436588e-06,6.421413918349294,6.921863837023827,6.423403749896802,6.919657758086957,6.422755308352961,6.920381649514731,6.4233428175332765,6.919801289540721,6.423403749896802,6.919657758086957,0.8615592818025768,6.423083113957236,6.920002372178169,0.85916737520614,0.8615686972835227,2.012909718277053,1.9737532097004296,0.025127450382155872,5,28.366992196516595,0.07170869033442316
1,33.5_1.txt,33.5,120.0,1783,14.85,0.325,0.375,0.375,nan,14.475000000000046,1738,0.06908462867012068,0.03454231433506034,36.49837352117377,2.8176894444444365,0.019127671925417977,0.02029271997419417,eta/xi,6.421743849621168,6.769363795052784,6.421743849621168,6.769363795052784,6.421855218526204,6.769423051408521,6.421820458892275,6.769404874437553,6.421855944723896,6.769430326726714,5.6047551364013515e-05,3.326583696505736e-05,6.418153163575525,6.773619652273792,6.422297628262515,6.768909113803261,6.4209610970651765,6.770440754277939,6.422067930735844,6.76920695924791,6.422297628262515,6.768909113803261,0.9014886528786005,6.421419647402231,6.769927239567054,0.9022227263706413,0.89993314678958,2.876704898961909,2.8261904761904844,0.021373385729357538,5,26.73955706825366,0.04518035171341746
2,33.5_2.txt,33.5,120.00267863121944,1793,14.933,0.342,0.383,0.383,nan,14.549675223214322,1747,0.06873005648981624,0.03436502824490812,36.49756741153237,2.8555605418371837,0.05384611148271622,0.05623540121756499,eta/xi,6.41925951964308,6.787317921324783,6.41925951964308,6.787317921324783,6.419367373461544,6.787314352254819,6.4193338618825795,6.78731402052584,6.419372010485642,6.787306943027745,5.624542128090937e-05,5.48914851927762e-06,6.418172775109226,6.788585355779009,6.419484564137624,6.787145316867722,6.4190241060550735,6.787652614040268,6.419441050415655,6.787206899543028,6.419484564137624,6.787145316867722,0.9013015681994209,6.419251279691068,6.787481373349887,0.9010245091892092,0.8944858672517946,2.716960122173217,2.6811306281887815,0.03255482499955424,5,26.011688608873502,0.056358648308223666
3,33.5_3.txt,33.5,120.00271039436238,1772,14.758,0.325,0.375,0.375,nan,14.383008469791124,1727,0.0695264834266292,0.0347632417133146,36.49520842801346,2.8854360283149885,0.043162188650519975,0.042785423944252526,eta/xi,6.417782615925995,6.780731021802973,6.417782615925995,6.780731021802973,6.417869216674774,6.780733570484857,6.417842845147772,6.780732266501801,6.417880136192955,6.780737254721197,4.876013347976382e-05,3.116459112106895e-06,6.4155997574042285,6.783228639694758,6.4180575617925575,6.78043687379841,6.417231647871464,6.7813844578853315,6.417938556850109,6.780597175968287,6.4180575617925575,6.78043687379841,0.9023699936386814,6.417684351633804,6.781023883599742,0.9013487496188365,0.895812195959445,2.7552125420794735,2.7151767685730497,0.02750873940820282,5,25.636807345341374,0.049846931434751406
4,33.5_4.txt,33.5,119.99730947736596,1785,14.867,0.267,0.317,0.317,nan,14.5503262331839,1747,0.06872698137306163,0.034363490686530815,36.494663052873,2.832537514013451,0.02073231823338324,0.021113499721690115,eta/xi,6.420764610378964,6.767427938047227,6.420764610378964,6.767427938047227,6.420840812165439,6.7674438261832615,6.420817755581868,6.76743799300831,6.420834736347579,6.767438000227595,3.810089323730281e-05,7.944068017184946e-06,6.417236669281883,6.771569954880571,6.421243794702987,6.766936831290622,6.4199460509894175,6.768451886207229,6.421012152478414,6.767217438821539,6.421243794702987,6.766936831290622,0.9006405851576985,6.420445287349379,6.767940193986386,0.9002398630030105,0.9001734870707122,2.8846431687084704,2.848873398462532,0.029822829882412947,5,27.284485990074604,0.04939963163100333
5,33.5_5.txt,33.5,119.99729125753369,1773,14.767,0.325,0.375,0.375,nan,14.391991534988671,1728,0.06948308700494155,0.03474154350247077,36.495120141136276,2.8875389704038223,0.041660006466486606,0.04302428561511379,eta/xi,6.42261515264997,6.711443944513029,6.42261515264997,6.711443944513029,6.422719222013952,6.711458400607679,6.422687527435784,6.711452694029331,6.422718257419159,6.711448237001517,5.2034681990775766e-05,7.228047325114062e-06,6.4192934549322365,6.715355428150245,6.423315467264911,6.710759121228544,6.421948157288449,6.712346648956596,6.422940838836578,6.711209769367485,6.423315467264911,6.710759121228544,0.9010156565794638,6.422149103999771,6.71211951671145,0.9028194016902032,0.9157814974237728,3.4622587088690504,3.3934099322799,0.041511756690424534,4,25.489332096860245,0.05249476312905851
1,36_1.txt,36.0,120.0,2389,19.9,0.258,0.467,0.467,nan,19.433333333333394,2333,0.051457975986277715,0.025728987993138858,38.99724167256017,2.838935185185167,0.050865661453443484,0.052097398092952316,eta/xi,6.417541656344358,6.614649206854763,6.417541656344358,6.614649206854763,6.4175500048413925,6.614635860753093,6.4175472070995765,6.614639418065636,6.417545375495056,6.614636657650939,4.174248517063717e-06,6.673050835015459e-06,6.413929835546954,6.618860116362997,6.418261744260622,6.613812678083902,6.416924557665588,6.61536808606085,6.417729791296016,6.614428215742356,6.418261744260622,6.613812678083902,0.9292739602454512,6.416846162913492,6.61544903576252,0.929363519564574,0.9412906789255927,5.073372366560941,4.827500000000015,0.06861560938920473,4,23.93801973133429,0.03290574476568527
2,36_2.txt,36.0,120.0,2365,19.7,0.342,0.558,0.558,nan,19.141666666666598,2298,0.05224205485415778,0.02612102742707889,38.996933829338516,2.784522152777779,0.0490843674738208,0.04899543006133889,eta/xi,6.424263794541415,6.642209746120497,6.424263794541415,6.642209746120497,6.424225375996849,6.642184002267271,6.424236674540247,6.642192409700949,6.42422643000788,6.6421850634753525,1.9209272283049472e-05,1.2871926613033935e-05,6.422023430368027,6.6448639082694205,6.424649106718052,6.641679824487276,6.42375829828496,6.642769151288889,6.424375920909444,6.642002089756441,6.424649106718052,6.641679824487276,0.9300671503672832,6.423816792059625,6.6426671306552185,0.9310293967159988,0.9354521132189569,4.5882935322023926,4.479166666666651,0.0579411419107873,4,26.399912358293264,0.030703367206642514
3,36_3.txt,36.0,120.00202449640652,2372,19.758,0.275,0.333,0.333,nan,19.42467229017298,2332,0.05148091998987824,0.02574045999493912,38.99778801282394,2.8681238939266236,0.056653087432355934,0.055975892054945964,eta/xi,6.422492751770414,6.697406306635964,6.422492751770414,6.697406306635964,6.42253352094535,6.697372798084197,6.422521702781138,6.6973827047698515,6.422535133126624,6.697370061766754,2.1190678105131866e-05,1.8122434604972426e-05,6.421471021838732,6.698609742869866,6.422659274452066,6.697251071509564,6.422235213282271,6.697738706228295,6.422600054634964,6.697324097105224,6.422659274452066,6.697251071509564,0.9299202319669935,6.422409423493518,6.697492826010239,0.9280954888905771,0.9195893905346038,3.637507071955997,3.600415448575053,0.042178001534917534,5,25.48053597604175,0.03740078483454575
4,36_4.txt,36.0,119.99798914136336,2388,19.892,0.3,0.358,0.358,nan,19.533660661918784,2345,0.05119368137430162,0.02559684068715081,38.997086766821454,2.8974038246229643,0.04545969922946386,0.04452456504966921,eta/xi,6.413590492606336,6.680793718601644,6.413590492606336,6.680793718601644,6.413601917818651,6.680735425961173,6.413598967998076,6.6807531723174725,6.413593616712962,6.680732095134605,5.712606157448619e-06,3.0811733519708895e-05,6.411862399108466,6.682766672897126,6.413786716169649,6.680508350886227,6.413130085087274,6.681285429813123,6.413668073566493,6.68063165619908,6.413786716169649,6.680508350886227,0.9294253322207489,6.413420602398735,6.680957551319701,0.9291935019315475,0.9216081971995688,3.7424697859656804,3.68172836196063,0.029121200085120976,5,25.27022139490114,0.03358432083106119
5,36_5.txt,36.0,120.00200170144622,2399,19.983,0.308,0.367,0.367,nan,19.616339449541314,2355,0.05097791066331608,0.02548895533165804,38.99904177784065,2.8993941170883106,0.03468571536101029,0.03480069466931738,eta/xi,6.422038427834031,6.670551786057127,6.422038427834031,6.670551786057127,6.42200755664884,6.670572767694858,6.422017010979901,6.6705663123758105,6.422005849873589,6.670567208207474,1.6288980221101923e-05,1.0490818865616092e-05,6.4191939123559845,6.673872446052048,6.422367948819469,6.670175826843217,6.42137709988286,6.671329660212885,6.4221667824510815,6.670403924071048,6.422367948819469,6.670175826843217,0.9290386759211672,6.421648599174691,6.670966215690854,0.9295010381698102,0.9268773717334895,4.023928561225587,3.8989825807220346,0.038930652386606215,5,24.593077831414217,0.03826695909713676
1,39_1.txt,39.0,120.0,3598,29.975,0.283,0.508,0.508,nan,29.466666666666562,3537,0.03393665158371053,0.016968325791855265,41.998380435871844,2.818879259259246,0.06378000036872797,0.06144355125155499,eta/xi,6.415120334815577,6.597573572297817,6.415120334815577,6.597573572297817,6.415096879435849,6.597552034020201,6.415104188196492,6.59755866908645,6.415094784253568,6.597555246739571,1.277528100462888e-05,1.0769138807820156e-05,6.41433662264736,6.59844146992781,6.415200862979444,6.59742454747801,6.414878523359291,6.597802108829129,6.415147169413958,6.597485265237829,6.415200862979444,6.59742454747801,0.9519588531446084,6.414993804012525,6.597678285558225,0.9509077546689245,0.9454555829820946,5.480856430938042,5.427619047619027,0.047215152198502204,5,25.986297652007906,0.021576405044472953
2,39_2.txt,39.0,119.99865735767992,3576,29.792,0.35,0.567,0.567,nan,29.225326993007144,3508,0.03421689687986293,0.017108448439931465,41.9980668976988,2.7957539743978126,0.054899495619123925,0.054454030217863894,eta/xi,6.4260415542546445,6.648667395155068,6.4260415542546445,6.648667395155068,6.426046247742752,6.648647798258423,6.426045717894221,6.648654476886725,6.426046821032591,6.648645401988375,2.6333889731056104e-06,1.0996583346578603e-05,6.425431818126475,6.649386846611073,6.42610092628848,6.648593497002571,6.425851037723079,6.6488867020142886,6.426075804155549,6.6486232041114315,6.42610092628848,6.648593497002571,0.9509921551870093,6.425991512078843,6.6487021295520545,0.9517955106793556,0.9341526369448474,4.491841539847481,4.409275524475547,0.02648906041428042,6,25.738194815698563,0.023065937225272937
3,39_3.txt,39.0,119.9986517005427,3561,29.667,0.325,0.55,0.55,nan,29.116993820224717,3495,0.03434420483701852,0.01717210241850926,41.99813013681212,2.8732854008270907,0.05036848949036564,0.050128183982999244,eta/xi,6.421578418596004,6.562351714992196,6.421578418596004,6.562351714992196,6.421574714834178,6.5623329289324,6.421575923889718,6.562339436406205,6.421577967809446,6.5623308097652755,1.8518809130618763e-06,1.0452613460110172e-05,6.419453625659353,6.564733600888909,6.421985907088835,6.561915739124434,6.421116670335421,6.5628936573708545,6.4217218483702565,6.562213645433109,6.421985907088835,6.561915739124434,0.9502184208998368,6.421181659598294,6.562728984311098,0.9510299071295886,0.9575568660618005,7.103619973390456,6.998411966292134,0.08991351916718342,4,25.591262280839526,0.023550204814527024
4,39_4.txt,39.0,120.00134417635594,3572,29.758,0.325,0.542,0.542,nan,29.216339400728053,3507,0.03422742275423733,0.017113711377118666,42.00020248977216,2.820437558048634,0.0409772443122367,0.03977967765077021,eta/xi,6.422410153454862,6.634001403148405,6.422410153454862,6.634001403148405,6.422386437681546,6.633994773478793,6.422393739162909,6.63399771076143,6.422387325430966,6.63399398850942,1.185788665836185e-05,3.7073194922854213e-06,6.421246159457627,6.635294735739334,6.4224940264951424,6.633876629163597,6.4220707261120165,6.6343596991776606,6.422443134587437,6.633927501989748,6.4224940264951424,6.633876629163597,0.9503454321668433,6.42227965202748,6.634111948749356,0.95162039526107,0.9372273567113276,4.726093359003959,4.677923790854899,0.0403064423558169,6,26.158498833222612,0.029934006628135282
5,39_5.txt,39.0,120.00134079710388,3581,29.833,0.317,0.542,0.542,nan,29.291339385474945,3516,0.03413978401055577,0.017069892005277885,41.99808635613009,2.856677996421085,0.037743826423226705,0.03688734574174147,eta/xi,6.423075321674039,6.594862040530971,6.423075321674039,6.594862040530971,6.423082167735962,6.594859122671478,6.423080701345723,6.5948609535969185,6.423089325836133,6.594866555139562,7.002081046980635e-06,3.7162340422725038e-06,6.421144547209443,6.597024355034479,6.4233131039910045,6.594609256837462,6.422600062142623,6.595408784431392,6.423192148217965,6.5947607772371075,6.4233131039910045,6.594609256837462,0.9512711384444161,6.42285512997094,6.595104171410637,0.950715216498259,0.9485813899621062,5.821171780065416,5.763983216280942,0.06359761318403225,5,25.744243139246812,0.02850493429992135
1,42_1.txt,42.0,120.0008936949819,5372,44.758,0.275,0.65,0.65,nan,44.10800484081148,5294,0.0226716217069682,0.0113358108534841,44.99905160672445,2.867789232503774,0.09363145033275072,0.09230287776860652,eta/xi,6.4132765713436175,6.497925618080212,6.4132765713436175,6.497925618080212,6.413267032483828,6.497926063438288,6.4132701689913905,6.497926267158238,6.413266941727124,6.497931664998097,4.814808246766944e-06,3.023458942319479e-06,6.4116291537095735,6.499710454348532,6.413632370375727,6.49752678601874,6.4129431555918766,6.49828025855993,6.413381853480874,6.497796437137082,6.413632370375727,6.49752678601874,0.9660530297554869,6.412914766976526,6.498309914272952,0.9670566134351508,0.9741155296620057,11.81348211884456,11.258249487990991,0.36084123089353565,2,25.48990039283572,0.013779247681385791
2,42_2.txt,42.0,119.99910548560949,5367,44.717,0.283,0.667,0.667,nan,44.050328363771854,5287,0.022701306372608705,0.011350653186304353,44.99973312709823,2.825113965942976,0.07296363575800915,0.07187101202741428,eta/xi,6.420799403571884,6.544851985735659,6.420799403571884,6.544851985735659,6.420784005230018,6.544842920799522,6.42078879541608,6.544846410669396,6.420782236394498,6.544844653119678,8.58358869315623e-06,4.532468068418893e-06,6.420057381704462,6.545667020762443,6.420874830401201,6.544743293172469,6.4205644201206065,6.545092263748969,6.420824867976193,6.544795374076486,6.420874830401201,6.544743293172469,0.9666177663300093,6.420693809479882,6.544941998810398,0.9659624453072362,0.9624508171318982,8.061097822855436,7.725057584793135,0.09624981559358228,3,25.87161203897618,0.01210740597164372
3,42_3.txt,42.0,120.00089519504063,5363,44.683,0.317,0.692,0.692,nan,43.9913384930997,5280,0.022731747527001387,0.011365873763500694,44.999969296045194,2.8526690868418143,0.08851022930679901,0.08777675868430894,eta/xi,6.421350394462943,6.522598430860087,6.421350394462943,6.522598430860087,6.421338091393038,6.5225904314483,6.4213414096810615,6.522593326528317,6.421335183609611,6.522591001977563,7.605426665779902e-06,3.999705893154015e-06,6.420460326250449,6.523562039346669,6.42150383371113,6.522410264385575,6.421098602164632,6.5228564920429735,6.421399969485269,6.522515236534724,6.42150383371113,6.522410264385575,0.9663828303727455,6.421176176442004,6.522766216897608,0.9655950982865894,0.9691956454591708,9.8767347554032,9.63326146960092,0.16906480082245023,3,25.613834156468307,0.010628316063021564
4,42_4.txt,42.0,120.00089319607888,5375,44.783,0.258,0.642,0.642,nan,44.141338109415905,5298,0.022654501264126548,0.011327250632063274,45.00048228963789,2.859751376651456,0.07970894101965356,0.07935888221429448,eta/xi,6.420484457578584,6.516431027036958,6.420484457578584,6.516431027036958,6.420467688065122,6.51642688655475,6.420474130058006,6.516428872108133,6.420465340425616,6.51642866313947,9.558576484103298e-06,2.0702411043238556e-06,6.419241318687933,6.517779568620745,6.420712481768204,6.516179955073533,6.420169330347844,6.516776483533246,6.420561050880201,6.516346723046769,6.420712481768204,6.516179955073533,0.9644048634515564,6.420233949823455,6.516661593373251,0.9647912162617778,0.9707692077340231,10.422467480026395,10.159924376628258,0.21112635183026288,3,25.82595222189316,0.013366915773732795
5,42_5.txt,42.0,120.00089021431911,5393,44.933,0.333,0.558,0.558,nan,44.37467080860562,5326,0.022535378444003443,0.011267689222001722,44.999762670006966,2.855612459276106,0.047259553100929365,0.04667652867058236,eta/xi,6.4204644218857805,6.556904187619779,6.4204644218857805,6.556904187619779,6.420469658858138,6.556895387595239,6.420468079630824,6.556898297155557,6.420472251080116,6.5568987454031955,3.914597167753442e-06,4.400012269645259e-06,6.41929208354924,6.558187173233504,6.420572954099551,6.5567921422134035,6.420138396528241,6.557265725145634,6.42052470410508,6.556850581469975,6.420572954099551,6.5567921422134035,0.9655713719448118,6.420367497215075,6.5569973739424565,0.9654020565010296,0.9588158667515572,7.329241549341206,7.207446531899155,0.08092431914521447,4,25.778881963497287,0.012977662169419549
1,Infinity_1.txt,inf,119.99911095305833,5400,44.992,0.3,nan,0.3,nan,44.6919977773663,5364,0.022375370306369192,0.011187685153184596,nan,2.951258083132673,nan,nan,two-peak(A),6.41998930261873,nan,6.420011653772347,nan,6.41998930261873,nan,6.419996210072467,nan,6.419988977982431,nan,nan,nan,6.420011653772347,nan,6.41998930261873,nan,6.419996210072467,nan,6.419988977982431,nan,6.41998930261873,nan,nan,nan,nan,nan,nan,nan,nan,nan,nan,25.01361924123383,nan
2,Infinity_2.txt,inf,119.99911095305833,5400,44.992,0.3,nan,0.3,nan,44.6919977773663,5364,0.022375370306369192,0.011187685153184596,nan,2.961236023916456,nan,nan,two-peak(A),6.419999622308772,nan,6.420017153970227,nan,6.419999622308772,nan,6.42000536542724,nan,6.4199969938716315,nan,nan,nan,6.420017153970227,nan,6.419999622308772,nan,6.42000536542724,nan,6.4199969938716315,nan,6.419999622308772,nan,nan,nan,nan,nan,nan,nan,nan,nan,nan,24.98953740167238,nan
