trial,file,d_mm,fs,N_raw,t_end_raw,t_start_A,t_start_B,t_start,B_preswing_mm,T,N,bin_Hz,halfbin_Hz,d_track_mm,A_mm,eta_leak,xi_leak,method,f1,f2,f1_early,f2_early,a_xi_early,f1_late,f2_late,a_xi_late,f1_rect,f2_rect,f1_hann,f2_hann,f1_hamming,f2_hamming,f1_blackman,f2_blackman,f1_winspread,f2_winspread,f1A_rect,f2A_rect,f1A_hann,f2A_hann,f1A_hamming,f2A_hamming,f1A_blackman,f2A_blackman,f1_A,f2_A,rA,f1_B,f2_B,rB,ratio_pred,T_beat_fft,T_beat_env,dT_beat_env,n_beats,tau_s,env_minmax
1,24.5_1.txt,24.5,119.38523465373709,1306,10.931,0.31,0.084,0.31,2.7799999999999994,10.621078927203097,1269,0.09415239326004474,0.04707619663002237,27.11846336214867,2.804056601958317,0.0286134482616916,0.03381317344508747,eta/xi,6.419406301627559,8.540313099876714,6.4183490134405226,8.540702097462242,1.9027214373331904,6.4204761937803925,8.539726809059607,1.4168879375577488,6.419406301627559,8.540313099876714,6.419476067246483,8.540302452545498,6.419449180474011,8.540309330668581,6.4194870060408284,8.540298505348625,4.0352206634786114e-05,7.297264044581198e-06,6.419439545011424,8.54020849437364,6.419437644466647,8.540319183634676,6.419437455401834,8.540266010768542,6.41943681386028,8.540296041789569,6.419437644466647,8.540319183634676,0.4813090545224997,6.41951670950622,8.540281866568815,0.5274643316824766,0.5649917974845377,0.47149643766784893,0.4719122633488464,0.0004117584355112246,21,26.195980875246807,0.32814125741606365
2,24.5_2.txt,24.5,119.37998549673675,1318,11.032,0.084,0.126,0.126,nan,10.906350797266514,1303,0.09168969700210197,0.045844848501050986,27.178456700686226,3.1156124507772303,0.005760044465243229,0.05600810185896267,eta/xi,6.4190894938492065,8.540947947676575,6.418573730823029,8.542925680842698,2.149413110187381,6.420037338463281,8.53988325856361,1.5812958403442732,6.4190894938492065,8.540947947676575,6.418915764414914,8.540836258977373,6.418964569497386,8.540876562655212,6.418913291716041,8.54082832085633,8.810106658252437e-05,5.98134101226222e-05,6.418615157666391,8.54292025251763,6.41894034949015,8.540766509967577,6.418833744981815,8.541463515528282,6.418940873074845,8.54075973471577,6.41894034949015,8.540766509967577,0.5013056503260872,6.418889405095191,8.540903220171998,0.5473966125155552,0.5648520522408975,0.47128497105743267,0.46872251427816836,0.0010011674762499378,23,31.570578438795028,0.33651566141032685
3,24.5_3.txt,24.5,119.38523465373709,1306,10.931,0.067,0.1,0.1,nan,10.830485057471261,1294,0.09233196802299855,0.046165984011499274,26.961146610105974,2.8261395732758574,0.011937675037557724,0.04808440130511578,eta/xi,6.419869948836316,8.54041543933724,6.418483935422992,8.540978459228473,1.9065251591928747,6.420754702588995,8.539082098503485,1.4066337863338592,6.419869948836316,8.54041543933724,6.419841939760349,8.540318760971589,6.419847220489136,8.540352730972455,6.419841331993612,8.540305738798999,1.43084213517497e-05,5.485026912044333e-05,6.419354473447259,8.54312048326303,6.419887545311017,8.540313912942363,6.419719070695385,8.541190760439989,6.41987656880087,8.540288358151313,6.419887545311017,8.540313912942363,0.4857103038194538,6.419794029727765,8.540324082945864,0.529830614257278,0.5650598720571246,0.47157677327816994,0.4685635152423787,0.001347502461581395,23,28.81354102037044,0.3574262718467934
4,24.5_4.txt,24.5,119.38523465373709,1306,10.931,0.084,0.159,0.159,nan,10.771851340996166,1287,0.09283455260788266,0.04641727630394133,27.19861728692763,3.1183339646658172,0.01884800860931062,0.043722756817184474,eta/xi,6.418374081644254,8.540954243350058,6.416736750588672,8.541966475958937,2.176642401350913,6.418136255055443,8.540093504379154,1.5936867721909307,6.418374081644254,8.540954243350058,6.4184816903167645,8.541006192477239,6.418443502883997,8.540997115926642,6.418519370344741,8.541030765438853,7.264435024367799e-05,3.826104439763611e-05,6.417744090307331,8.543071721274003,6.418557792653057,8.540917430047514,6.418303652300335,8.541578715764764,6.418610483163489,8.540951295488693,6.418557792653057,8.540917430047514,0.5135921759448762,6.418400592666784,8.541085300018054,0.5626169588808746,0.5647253203738518,0.47112472736782474,0.4683013023488255,0.0015885359826075785,23,27.991638492429075,0.3234319402825226
5,24.5_5.txt,24.5,119.38253562294481,1308,10.948,0.109,0.151,0.151,nan,10.797224177505743,1290,0.09261639691461969,0.046308198457309845,27.185688844074818,3.2363896773250773,0.017719498928530638,0.04780595774150604,eta/xi,6.419029860116188,8.541346442375042,6.41706960571543,8.542528447396396,2.2170086720073297,6.420492733863873,8.540082935492535,1.6221151818427595,6.419029860116188,8.541346442375042,6.418955963937132,8.541303866197996,6.4189731382821735,8.541322513185149,6.418958532940043,8.541318701832152,3.6948089527921724e-05,2.1288088523085946e-05,6.418512058129666,8.543895477658884,6.419071838112837,8.541237824830517,6.418893220581739,8.54204761764025,6.419107298217834,8.54126913967295,6.419071838112837,8.541237824830517,0.4936815849000983,6.418834927454003,8.54136743923673,0.5425200156038908,0.5647888533740472,0.4711832383346248,0.46749973986228033,0.0013414771166980666,23,29.552956759002,0.3478425634834794
1,26.5_1.txt,26.5,119.37842778793419,1307,10.94,0.117,0.168,0.168,nan,10.772465543644715,1287,0.09282925955515879,0.046414629777579396,28.98551872929738,3.0632968625574293,0.023057302531773856,0.05375249359071,eta/xi,6.4186354622745965,8.147074316970494,6.418189519994586,8.148747303735117,2.235066697528149,6.417568686760622,8.145312779206886,1.6193903353627426,6.4186354622745965,8.147074316970494,6.418652856713433,8.146941840954726,6.418644023886195,8.14698849156614,6.418647460640584,8.146906842549427,8.697219418429825e-06,8.37372105335632e-05,6.418407294056957,8.148102104352292,6.418724186750919,8.146953355831513,6.418615814868052,8.147336429633954,6.418739254208994,8.146924712180503,6.418724186750919,8.146953355831513,0.5452997290353125,6.418573793768847,8.146928173994693,0.6058796541310532,0.6207004590498586,0.5785567694704135,0.575172241476586,0.001649992085468962,18,32.8487417644609,0.29004529868347567
2,26.5_2.txt,26.5,119.38394240408275,1311,10.973,0.042,0.067,0.067,nan,10.905989312977105,1303,0.09169273610144599,0.045846368050722994,28.99590858362691,3.0868300988655735,0.022267263581187944,0.052230788561257124,eta/xi,6.419208247588814,8.147770110913784,6.419439499745232,8.148711538281772,2.2113902663758016,6.418707873322688,8.146559020568985,1.6171677448444914,6.419208247588814,8.147770110913784,6.4191953692674995,8.147630986695273,6.419195318170966,8.147680522444826,6.41919693030657,8.14763871097567,6.4647089237368505e-06,6.956210925590511e-05,6.418467884135501,8.150358552446072,6.419180452641154,8.147579336664986,6.418956860579097,8.148433524435783,6.419170041086716,8.147587555156425,6.419180452641154,8.147579336664986,0.5321839903323046,6.419211087640974,8.14768191207337,0.5967962822887913,0.6207052178299152,0.5785155979760265,0.5725005142627566,0.0021842783353060347,19,25.62410716578928,0.30919661756139477
3,26.5_3.txt,26.5,119.38253562294481,1308,10.948,0.101,0.168,0.168,nan,10.780471308339715,1288,0.09276032293935102,0.04638016146967551,28.625476266049244,2.7236155954582166,0.02126628838368354,0.06067535697576202,eta/xi,6.420139737277909,8.14673284116088,6.420957611903863,8.148575178721524,1.9209150125319154,6.419683896996979,8.14613551124558,1.4230573903254506,6.420139737277909,8.14673284116088,6.420008823028024,8.146469583302162,6.420046625340998,8.146558060058686,6.419993473509544,8.146447653199875,7.313188418223149e-05,0.00014259398050242567,6.419986909829217,8.147627710534135,6.420024177860627,8.14642047874778,6.420002528003428,8.14683125462677,6.420013882371757,8.146380538524198,6.420024177860627,8.14642047874778,0.528364623563897,6.419991513810297,8.146517934460016,0.5905640231225451,0.6210434881978447,0.5791752542918649,0.5758578343333471,0.0017574851468640123,18,34.656500249840924,0.32172846713756836
4,26.5_4.txt,26.5,119.38523465373709,1306,10.931,0.193,0.276,0.276,nan,10.65458390804601,1273,0.0938563165516798,0.0469281582758399,28.658104659853798,2.879909712404249,0.018568278341682377,0.06250412453435947,eta/xi,6.419934090770328,8.147557115722323,6.4193697304393345,8.15030630554504,2.07968382968512,6.4209172773327206,8.147211295944533,1.5233022697810206,6.419934090770328,8.147557115722323,6.419878221821135,8.147491865159608,6.419890749663628,8.147519081663606,6.4199038819404795,8.14750721070358,2.7934474596147396e-05,3.262528135739018e-05,6.419760766605602,8.147981125504522,6.4198567106874735,8.147391846210532,6.419814582868925,8.147611088724982,6.419881549879371,8.147358784826352,6.4198567106874735,8.147391846210532,0.5409270730202667,6.419901882365684,8.147587796321428,0.6021656978000556,0.6208780575336132,0.5788299794324554,0.5768293916784317,0.0017701461037012449,18,32.185339561774434,0.3156361016616943
5,26.5_5.txt,26.5,119.38253562294481,1308,10.948,0.302,0.369,0.369,nan,10.57943687834733,1264,0.09452298940850766,0.04726149470425383,28.758118389877026,2.7570386106063536,0.006526753423477127,0.0687513436915339,eta/xi,6.420076607543871,8.146164705386596,6.420255994411448,8.147299738548648,1.92269139257179,6.420407982044035,8.146118164367877,1.4346684358075974,6.420076607543871,8.146164705386596,6.419928306350069,8.146068937974407,6.419969867586663,8.146103613962179,6.419953506238322,8.146087855223248,7.415059690085712e-05,4.788370609443149e-05,6.419665263033174,8.147917415473682,6.419878496964896,8.146006103910642,6.4198050212792435,8.146642655480111,6.419887086036847,8.146036040208987,6.419878496964896,8.146006103910642,0.512246272207578,6.41998017242385,8.14613125640076,0.5715624684044047,0.6211179025750018,0.5793447050876522,0.5775772077477536,0.001771620803066671,18,34.29795300192722,0.33339114418535276
1,28.5_1.txt,28.5,119.38663745892663,1309,10.956,0.243,0.293,0.293,nan,10.662834862385347,1274,0.09378369006985571,0.046891845034927854,30.624990113309114,2.7983896616972577,0.03054176209303961,0.07089735228179361,eta/xi,6.4059341143756425,7.789969525497994,6.404551502700317,7.790285960298567,1.9088983263702686,6.407599405823275,7.789757628850586,1.387615425033794,6.4059341143756425,7.789969525497994,6.406029538224303,7.789972084870816,6.4059913406069375,7.789967948675965,6.40607991034845,7.790013091243801,7.289798640375267e-05,2.2571283917915963e-05,6.40538223615952,7.791891304034072,6.4060171802947234,7.789875426671341,6.40580369766689,7.790530427338378,6.406051506610395,7.789937103680273,6.4060171802947234,7.789875426671341,0.5366318837075018,6.406041870740352,7.7900578371356195,0.6358047079365374,0.6762284180771894,0.7225248660285891,0.7189127129751,0.002658593034508431,14,27.735921707364664,0.2699245972738386
2,28.5_2.txt,28.5,119.38663745892663,1309,10.956,0.159,0.226,0.226,nan,10.729844036697237,1282,0.0931979995776165,0.04659899978880825,30.591066404620808,2.7753806692788046,0.033435332237823544,0.07097240770500121,eta/xi,6.405847550953288,7.791607409894092,6.405601280497326,7.79369933137947,1.976183253616954,6.408183093179821,7.7916564357835245,1.4334664595887137,6.405847550953288,7.791607409894092,6.405793733533554,7.7915069983243885,6.405800905482328,7.791538805431118,6.405820257044565,7.7914852427535495,2.6908709866990677e-05,6.108357027123645e-05,6.404831926821725,7.794981967275382,6.405793628417857,7.791389772542724,6.405489210091375,7.79248104974452,6.405800702595762,7.791341814075309,6.405793628417857,7.791389772542724,0.5269661696702775,6.405792254771949,7.791609625554926,0.6238556217365985,0.6759258782166511,0.7216257517838214,0.7102849298434963,0.003096778214568848,15,22.92996532706051,0.3012391179002331
3,28.5_3.txt,28.5,119.38663745892663,1309,10.956,0.201,0.293,0.293,nan,10.662834862385347,1274,0.09378369006985571,0.046891845034927854,30.507688840394003,2.8619434734964155,0.03501705670312403,0.06401012408386386,eta/xi,6.406787881808524,7.794130267109352,6.4059253880319105,7.795344086773422,2.110318366277216,6.4091947114617085,7.7939431312637835,1.524397079745186,6.406787881808524,7.794130267109352,6.406710879918096,7.794034796064517,6.406725827131245,7.794071502820637,6.406743654154693,7.794037796115626,3.850094521418157e-05,4.773552241754686e-05,6.405996965524999,7.796944624507816,6.406696744141301,7.793971294245526,6.4064688276785455,7.794886688998734,6.406696085127544,7.793972455865623,6.406696744141301,7.793971294245526,0.5531911895457842,6.406725687114171,7.794091895929307,0.6503550346455685,0.6756867003540472,0.7208026011424443,0.7164896133682848,0.0031136063452729427,14,27.975738570018464,0.28884771949284993
4,28.5_4.txt,28.5,119.38253562294481,1308,10.948,0.059,0.117,0.117,nan,10.830729915837784,1294,0.09232988060552588,0.04616494030276294,30.511257066062697,3.036917268660204,0.024703299916277864,0.07271805820870025,eta/xi,6.406058519239305,7.794845038477285,6.403483035234275,7.796359024121529,2.2562540235119535,6.408629245370463,7.795760652045743,1.6359577938730188,6.406058519239305,7.794845038477285,6.4061620132820565,7.794736043552625,6.406119840469277,7.794774388504938,6.4061734339620955,7.7947116032455135,5.745736139539659e-05,6.671761588572522e-05,6.404959638245182,7.797454299608683,6.406097490686142,7.794658315294612,6.405733747724165,7.795538930508866,6.406083337732946,7.794617956125994,6.406097490686142,7.794658315294612,0.5709795415809974,6.40623123261855,7.7948048351908374,0.6715828989355203,0.6754089815568505,0.7200530723387887,0.7123664881407796,0.0028345826799765677,15,29.80915668694767,0.2710643327559677
5,28.5_5.txt,28.5,119.37984496124031,1310,10.965,0.084,0.151,0.151,nan,10.814220779220772,1292,0.09247083265781594,0.04623541632890797,30.45745998027433,2.9428731863275637,0.025703748553223868,0.07118270735863111,eta/xi,6.406548919304272,7.79513670606318,6.404150315207286,7.794891766096308,2.1700726314105645,6.4082406269036545,7.79630038954104,1.5719859783227081,6.406548919304272,7.79513670606318,6.406544746873391,7.795055875975872,6.4065356723661795,7.7950801342714415,6.406566488223016,7.795080349426158,1.5407928418476047e-05,4.041504365392967e-05,6.405506102806619,7.798377331306846,6.406604448947934,7.795021892234393,6.406253804225641,7.796067844030569,6.40664220109281,7.795036230997118,6.406604448947934,7.795021892234393,0.5476226661241197,6.406482729253263,7.795083691175232,0.6422945521591497,0.6754618442428733,0.7201561251911139,0.7130847020626429,0.0024848845098055686,15,29.207672467244723,0.3012126190940691
1,31.0_1.txt,31.0,119.37796815345935,1283,10.739,-0.0,0.042,0.042,nan,10.697116224648987,1278,0.09348313872627984,0.04674156936313992,32.0413991125803,2.5614541141770664,0.03925664472627937,0.07915590202464248,eta/xi,6.41244474145741,7.516281202943537,6.411099667491854,7.517373200520256,1.8547756445094827,6.415328167530196,7.5175457096984974,1.3533362824024349,6.41244474145741,7.516281202943537,6.412583840399702,7.516215084416352,6.412532031500411,7.516231742343505,6.412595096639852,7.516190484925076,7.517759122110945e-05,4.53590092304168e-05,6.41118485326287,7.519634284118012,6.41255666001617,7.5161855724353055,6.412124392713636,7.517220124369225,6.412537075586933,7.516187818443311,6.41255666001617,7.5161855724353055,0.5445193991205298,6.412612057215164,7.516238708248876,0.6600900844929537,0.7278489029388818,0.9059312995094139,0.9012919825883945,0.005482165820181448,11,28.706729010014758,0.27518991047235597
2,31.0_2.txt,31.0,119.38253562294481,1308,10.948,0.042,0.092,0.092,nan,10.855859219586845,1297,0.09211615403004998,0.04605807701502499,32.152957302720054,3.0023635940555167,0.031135864534548932,0.08271078528862315,eta/xi,6.41124045878937,7.517696659469822,6.409570612240957,7.518951536432677,2.2944591760713244,6.413790917880856,7.51960929737177,1.6588499993691475,6.41124045878937,7.517696659469822,6.41134404100962,7.517560586604728,6.411298936987381,7.517599757427458,6.411353944734202,7.517552380675316,5.6742972415868564e-05,7.21393972527018e-05,6.409820724530031,7.52127644495362,6.411355597138381,7.517478379199453,6.4108691293580655,7.5186585372366,6.411364993821416,7.517486668630836,6.411355597138381,7.517478379199453,0.5772921653897767,6.411334481576053,7.517635955827895,0.6993693220393227,0.7273015879483603,0.9037863400151016,0.8932408922370672,0.004325132948405865,12,26.752143773776506,0.28441781305378677
3,31.0_3.txt,31.0,119.38515450780503,1500,12.556,0.302,0.369,0.369,nan,12.18744496330888,1456,0.08205165258268382,0.04102582629134191,31.98692884067448,3.0145579179869904,0.03836043220374435,0.0827360622820294,eta/xi,6.411547806244279,7.517770971419542,6.4079447054156615,7.517245856841663,2.324488975514584,6.413466861508616,7.518435690204941,1.6208210370738094,6.411547806244279,7.517770971419542,6.4116909597429474,7.51766942544803,6.411632331887189,7.517702047549445,6.411716404768551,7.517671734468883,8.429926213615602e-05,5.0772985755731526e-05,6.411226843654423,7.518041072996808,6.41172145906744,7.51767828014435,6.411540197900864,7.5178310065575,6.411763798907349,7.517705878909183,6.41172145906744,7.51767828014435,0.5869013286053024,6.41165618169731,7.517660871065232,0.7104407563062627,0.7273569417896463,0.9039767304471215,0.89642452330858,0.003491244965255752,13,29.845688906949018,0.24556358014691915
4,31.0_4.txt,31.0,119.37922801432552,1501,12.565,0.059,0.117,0.117,nan,12.447726666666652,1487,0.08033595424920972,0.04016797712460486,31.891852719546936,3.2294143629629795,0.04435448717487365,0.07425038207123406,eta/xi,6.4082365089583195,7.517593398617378,6.405628928459126,7.518322197932035,2.420831226207297,6.410169344174975,7.517836174773629,1.62652230671799,6.4082365089583195,7.517593398617378,6.4082528635350595,7.517476235584346,6.4082322542038925,7.517518839065819,6.408279074316359,7.5174763286451185,2.3410056233075238e-05,5.858151651594312e-05,6.4072665393220944,7.520064794358519,6.408307157754138,7.517475372692052,6.40796827039406,7.518268706205463,6.408330440415242,7.5175175295757235,6.408307157754138,7.517475372692052,0.5900843576763956,6.40819195462999,7.5174733631486035,0.7258683837918775,0.7266401633569072,0.9014231662700835,0.8965978974358967,0.003666923796614548,13,27.055722901735116,0.23901735784996422
5,31.0_5.txt,31.0,119.37812326485286,1506,12.607,0.243,0.302,0.302,nan,12.305437209302314,1470,0.08126488990119331,0.040632444950596654,32.18857452999073,3.19895577761629,0.046215058871887,0.07850545955621,eta/xi,6.408194502770441,7.5174691390196005,6.406536522353306,7.51861588097211,2.4570193620065237,6.409747758627861,7.517022435841743,1.6822458343931366,6.408194502770441,7.5174691390196005,6.408255248224488,7.5174693920572215,6.4082243946334,7.517474642129853,6.408267814175263,7.517456902173928,3.6655702410737234e-05,8.869977962788766e-06,6.407708457242355,7.518732594662003,6.40831820095552,7.517264773925952,6.408106299089094,7.517741932765059,6.40832859913834,7.517213298176333,6.40831820095552,7.517264773925952,0.5850891700753027,6.408187130166629,7.517655133450346,0.7208072322386792,0.7266546588926054,0.9014900073631409,0.8957040838231528,0.0037501727543344343,13,27.287031980403768,0.24086036808378825
1,33.5_1.txt,33.5,119.37974841200648,1918,16.058,0.159,0.226,0.226,nan,15.831830985915497,1891,0.06316388804868066,0.03158194402434033,34.47204306907188,2.1965368763584587,0.06840650996649018,0.09559148567179893,eta/xi,6.404739634017952,7.208040544027229,6.403881933276522,7.20757812461219,1.6612052087861835,6.40479807429934,7.207415399756028,1.108001181431235,6.404739634017952,7.208040544027229,6.404834450943675,7.207996238872928,6.404797268149643,7.208007518946085,6.4048537954098705,7.20799548901376,5.708069595922183e-05,2.252750673470416e-05,6.404152051136782,7.209504486784864,6.404843565477112,7.207895246539127,6.404615013512743,7.20839793071233,6.40483116403302,7.207948087450202,6.404843565477112,7.207895246539127,0.5729117629157392,6.40482291331192,7.208087346678991,0.7793553977503247,0.7895297830026619,1.244863521925366,1.2383604991774013,0.0063439870100755425,12,29.68263401879108,0.24370410786499705
2,33.5_2.txt,33.5,119.3828823313334,1951,16.334,0.26,0.327,0.327,nan,16.00732000000005,1912,0.06247141932565832,0.03123570966282916,34.45222358479693,2.6271143987179464,0.0649540285538639,0.09259567652612483,eta/xi,6.404666983702457,7.2098678174560025,6.403038630366557,7.209813860889899,1.9984608759219722,6.4066007594895495,7.208988173988586,1.2821372060374066,6.404666983702457,7.2098678174560025,6.404666406155719,7.209796692246,6.4046546246638325,7.209820012001004,6.404665877206596,7.209793627115366,6.179519312254911e-06,3.709517031813547e-05,6.403703694510169,7.212176967899745,6.404697407805939,7.209706572986937,6.404378299249317,7.210466447834066,6.404693423575452,7.209716197144111,6.404697407805939,7.209706572986937,0.5672952017168645,6.404631624952257,7.209872447392304,0.7647831085449546,0.789111733440518,1.2419261854690011,1.2266746553958903,0.006388579001447819,13,25.378750958369235,0.23640722064162822
3,33.5_3.txt,33.5,119.382107887855,1964,16.443,0.461,0.536,0.536,nan,15.906906265919483,1900,0.06286577561235135,0.031432887806175674,34.31702564000912,2.993365933095571,0.06777818504760497,0.08980882802039593,eta/xi,6.402550127426186,7.210632534352987,6.400391791233235,7.211479059775083,2.30071270369888,6.404308874499845,7.210247577228812,1.4213617422422375,6.402550127426186,7.210632534352987,6.402592726720965,7.210439594110594,6.402562760137569,7.21050121148747,6.402606085897032,7.210416414052575,2.797923542319225e-05,0.00010806015020614623,6.401578867406652,7.212961329853334,6.402547085967319,7.210445517426171,6.402228094340918,7.211217536779353,6.402535731499264,7.210442030086867,6.402547085967319,7.210445517426171,0.5749490811201949,6.40264577338371,7.210434448522191,0.7803451349934927,0.7884229312152863,1.2374975515220976,1.224657533602412,0.005908125348152154,13,22.533470223193778,0.2621627588042028
4,33.5_4.txt,33.5,119.383045907214,1967,16.468,0.293,0.36,0.36,nan,16.10781485249242,1924,0.062081667138436616,0.031040833569218308,34.53569129537553,2.9325714502091182,0.060298453434287975,0.09694237860540172,eta/xi,6.403289124033514,7.211082456546949,6.401724583619758,7.21179654481134,2.226981186129829,6.405333343647942,7.210791460271067,1.3704143949130265,6.403289124033514,7.211082456546949,6.403345351427795,7.21083936499195,6.403311176797157,7.210915941555204,6.403370007024001,7.210804974484375,4.044149524329299e-05,0.00013874103128674875,6.402367550790837,7.213369339882052,6.403393818091815,7.210709785782313,6.403056648147742,7.211545663899199,6.403410645551881,7.210674729152563,6.403393818091815,7.210709785782313,0.5848016488952755,6.403289794799567,7.210949256346317,0.7931592913523383,0.7885065407501914,1.23794039855283,1.234552312387515,0.005324978466279128,13,23.620662279174848,0.2527805885046275
5,33.5_5.txt,33.5,119.37937328871311,1963,16.435,0.134,0.201,0.201,nan,16.23396024464831,1939,0.061599263822865416,0.030799631911432708,34.5611390753921,2.693170669243401,0.05436209167365605,0.10323913801271868,eta/xi,6.403276557415245,7.21019716870445,6.4013916377659905,7.2101586702472105,2.015279470928765,6.405783916835643,7.210607119464103,1.258113054202881,6.403276557415245,7.21019716870445,6.403196303962406,7.209941312809805,6.403206927543207,7.21001898468906,6.403186499952971,7.20990006444163,4.502873113665373e-05,0.00014855213141018453,6.402431084571743,7.212178082666896,6.403165946761345,7.209863214613723,6.402920046818156,7.2106067574588355,6.403144712669405,7.209854515559808,6.403165946761345,7.209863214613723,0.5610484778349183,6.403231092400578,7.210005437584872,0.7596241051633665,0.7886970869562442,1.2392792872180003,1.2330622430576554,0.00380783399574138,13,25.233313387439267,0.2645309842460877
1,36.0_1.txt,36.0,119.38325991189427,2440,20.43,0.042,0.101,0.101,nan,20.329483394833936,2428,0.0491896414964542,0.0245948207482271,37.73071654294115,3.130775427044896,0.092236712073912,0.1294395671415959,eta/xi,6.40247503538457,6.977647960295225,6.400560392125841,6.97880852074675,2.345859980111289,6.405276675079602,6.978355280149063,1.2948728194222483,6.40247503538457,6.977647960295225,6.40256699306208,6.977501150723852,6.402512839005616,6.977545161605921,6.402587216329395,6.977484966899705,5.609047241250664e-05,8.149669776003066e-05,6.401922830271231,6.978958512268111,6.40258458854419,6.97742001185318,6.40234066654377,6.977915525113355,6.402606322874936,6.977421106320947,6.40258458854419,6.97742001185318,0.5467227875552982,6.402544508097892,6.977564711775003,0.8360673951493175,0.8419332837542606,1.7386075677246733,1.7265308492245748,0.00790933675730681,11,23.88037902975811,0.23621502242385986
2,36.0_2.txt,36.0,119.38325991189427,2440,20.43,0.0,0.084,0.084,nan,20.34623616236161,2430,0.049149139527334025,0.024574569763667013,37.77865791294315,3.279282554069292,0.09448886519149077,0.1279219238317051,eta/xi,6.401894923793552,6.9779212936691435,6.4002841211749,6.978954765534804,2.3812079818007352,6.404050578104798,6.978885595523447,1.30311499664421,6.401894923793552,6.9779212936691435,6.401981501597036,6.9778054179342766,6.401931431286837,6.977841386258479,6.402006787341463,6.977801504617417,5.593177395546434e-05,5.989452586341315e-05,6.401307488462218,6.979384120486869,6.4019831625207715,6.977718592048933,6.401737876464037,6.978249860647606,6.401999851330321,6.97773201323999,6.4019831625207715,6.977718592048933,0.5590305181254194,6.401980146073433,6.977872057220293,0.8565917423715569,0.8417147741137232,1.7360316337878379,1.723982788429282,0.007873150020389472,11,23.75219216100065,0.25776518381768443
3,36.0_3.txt,36.0,119.38181640338438,2442,20.447,0.134,0.218,0.218,nan,20.229211388775074,2416,0.049433464349227525,0.024716732174613763,37.684789586595215,3.0988157423955327,0.09073140212505496,0.13148131544513134,eta/xi,6.40281358934934,6.978374174862637,6.4013499812963905,6.9791577471026915,2.267361969565594,6.40475418351757,6.978836835368212,1.275429420994596,6.40281358934934,6.978374174862637,6.402919386685688,6.978243226364539,6.402865597996378,6.978282736797514,6.402941619970449,6.978221902853007,6.401531055466592e-05,7.613600481493066e-05,6.402372076149152,6.979384631425408,6.402982011268853,6.978165375276093,6.402755973684845,6.978575687789631,6.403009164212835,6.978119997176325,6.402982011268853,6.978165375276093,0.5534760555093029,6.4028459705367275,6.978304313550935,0.8427276280927942,0.8418470832124905,1.7374365534571472,1.727401089488142,0.006578435780083238,11,23.931184909088497,0.2525167645915001
4,36.0_4.txt,36.0,119.37961739811145,2441,20.439,0.101,0.159,0.159,nan,20.279843852459038,2422,0.04931004436105383,0.024655022180526915,37.80469818691702,3.0243422781619955,0.08798280151281808,0.14130661491957902,eta/xi,6.401940490091155,6.977453710513406,6.400463676973974,6.978480238573363,2.16397633606884,6.403825110252839,6.9781023993290745,1.2204572544209318,6.401940490091155,6.977453710513406,6.402031718146817,6.977353316203894,6.401980167162404,6.977379440676765,6.402046691528444,6.977327575962864,5.310071864439436e-05,6.306727527105593e-05,6.401526044666619,6.978703690352758,6.402131055853552,6.977288822354725,6.401907488375174,6.977747323567726,6.402161699722195,6.977262616826074,6.402131055853552,6.977288822354725,0.5216102815235762,6.401911782947226,6.97740272237099,0.8028430171062421,0.8418395739654798,1.7375795455511955,1.7250019259429112,0.008744347967919007,11,24.660219631421224,0.2532454553171763
5,36.0_5.txt,36.0,119.38181640338438,2442,20.447,0.05,0.134,0.134,nan,20.31297623924619,2426,0.04922961501170494,0.02461480750585247,37.628265520707195,3.0486370012289994,0.09167309119675926,0.13007830378442659,eta/xi,6.402944084850205,6.978561816460778,6.401547858240318,6.9797323460597696,2.228797924044027,6.405223949734331,6.9787822934289,1.2418248578195281,6.402944084850205,6.978561816460778,6.403006755745149,6.978482197236328,6.402965281514882,6.9785051385818235,6.403025022384146,6.978491227247092,4.046876697039181e-05,3.980961222493917e-05,6.402425837012329,6.979914614199998,6.403039991797643,6.978537908564619,6.402814865353487,6.978988042013652,6.403059114315813,6.978551764224453,6.403039991797643,6.978537908564619,0.5495966544144814,6.402966253968607,6.978435179785372,0.8372957628097505,0.841836125974357,1.737264064472109,1.7322922538338335,0.008169446887166951,11,24.01902219157948,0.2612625981189579
1,39.0_1.txt,39.0,119.38294248657147,3646,30.532,0.05,0.126,0.126,nan,30.406353909465064,3631,0.03288786294395903,0.016443931471979516,41.27895796934999,2.4484667132011095,0.10281783737682565,0.22697218506332417,eta/xi,6.40015449853538,6.801839974143688,6.39822484482991,6.801588740048165,1.611593919434998,6.403185178588907,6.804143047699796,0.7431050564572794,6.40015449853538,6.801839974143688,6.40029544289476,6.801788031187833,6.400215177558179,6.801787705801558,6.4003282022475245,6.801807430109173,8.685185607237855e-05,2.6134171065006484e-05,6.399811135499292,6.80304049478517,6.400324084534467,6.801817797672588,6.400118404840001,6.802226761819893,6.4003557923110685,6.801864962711195,6.400324084534467,6.801817797672588,0.47231738027679826,6.400260115818873,6.801765079301804,0.878849216356215,0.8853767139300424,2.489509979133827,2.4877465683836095,0.008067853010422735,12,26.964260185215227,0.31385793426084735
2,39.0_2.txt,39.0,119.38294248657147,3646,30.532,0.109,0.184,0.184,nan,30.347719067215408,3624,0.03295140559938484,0.01647570279969242,41.27474808994747,2.742249080151655,0.10439480466807856,0.22564194448132688,eta/xi,6.3996504822117375,6.801761846108236,6.397593469778749,6.801732561900486,1.8205743823187504,6.402957015373015,6.803824779470553,0.8295677175172437,6.3996504822117375,6.801761846108236,6.399776987469321,6.801712547182142,6.399698129435868,6.80170990642125,6.39980891656927,6.801724423071035,7.921717876646639e-05,2.5969843493012235e-05,6.399266222248,6.8029536039536564,6.399783678366677,6.8016548515732,6.39957369791316,6.802089481165054,6.399816290720603,6.801675271686579,6.399783678366677,6.8016548515732,0.4689573772290814,6.39976919855462,6.8017512118323955,0.8813600558059423,0.8852576080063045,2.4868732639383837,2.4772070245255473,0.0077754294311412776,12,24.76746856580546,0.30114265119613015
3,39.0_3.txt,39.0,119.38294248657147,3646,30.532,0.084,0.151,0.151,nan,30.381224691358067,3628,0.032915065477411444,0.016457532738705722,41.402509258442315,3.1039919240207245,0.11115124907686504,0.20822626428366595,eta/xi,6.3999674971625655,6.80232844127124,6.3980541799223865,6.802208008358691,2.0544390445055463,6.402893634542367,6.804278121085672,0.889067967192053,6.3999674971625655,6.80232844127124,6.400162465306795,6.8022783145764985,6.40005870041997,6.802276958664706,6.400214296226386,6.802298237765419,0.00012339953191009556,2.574130326715718e-05,6.399582544606803,6.803441002251992,6.400126640294861,6.802238213073936,6.3999023961449675,6.802644243072014,6.40016603048227,6.802274023850862,6.400126640294861,6.802238213073936,0.5018598385142551,6.400210982028753,6.80230406980744,0.932546199969434,0.8851978326480666,2.485330682915158,2.4790061526950447,0.010784339717187617,11,22.856656061986495,0.2837643851430178
4,39.0_4.txt,39.0,119.3805048950591,3647,30.541,0.134,0.218,0.218,nan,30.32320899616016,3621,0.03297804002625943,0.016489020013129716,41.31635584335412,3.0760923675965284,0.10632327161934477,0.21550043771086524,eta/xi,6.399631209644663,6.801962440492599,6.397582370522361,6.802044999467842,2.0480006559492505,6.402527097698516,6.803668759559564,0.9182989140267482,6.399631209644663,6.801962440492599,6.39981620411116,6.8018933929097045,6.399716449544935,6.801898603069967,6.399872599132179,6.801913312430584,0.0001206947437579764,3.452379144741613e-05,6.399236532951197,6.803124949121823,6.399804909048308,6.801811936273383,6.3995747650703265,6.802249805722326,6.399854675078846,6.801846628386704,6.399804909048308,6.801811936273383,0.4927900643617409,6.399832651627956,6.801949063425902,0.9119421889722391,0.8852000635185419,2.485514231377071,2.478868486012067,0.007863593222145296,12,25.070381489088742,0.26954672414691677
5,39.0_5.txt,39.0,119.38197649677568,3648,30.549,0.084,0.159,0.159,nan,30.389846997532263,3629,0.03290572670804176,0.01645286335402088,41.15955150764977,2.642378795671095,0.10101072421775026,0.22695484023010723,eta/xi,6.400922158494992,6.802608295503967,6.3992383891077065,6.802482776074691,1.7293558741014519,6.403611863872371,6.80499974901008,0.800229820056751,6.400922158494992,6.802608295503967,6.401066158870873,6.802538245482799,6.400987054264022,6.802542768119158,6.40110692867796,6.802555714098205,9.238509148401519e-05,3.502501058427754e-05,6.400583769672708,6.80381530705063,6.401092669208678,6.802500877167997,6.400890876981135,6.80293895790702,6.401135700700946,6.802527329422833,6.401092669208678,6.802500877167997,0.46587308737926225,6.401032419849777,6.80256374110249,0.8619456093912825,0.8853890832409879,2.4895058800041574,2.484498952925334,0.010773649305310266,12,25.730481353153728,0.30793632981175645
1,42.0_1.txt,42.0,119.38261495322463,4812,40.299,0.0,0.067,0.067,nan,40.23198856786529,4804,0.02485584321324687,0.012427921606623435,44.60718267089221,2.712894097669692,0.15656679950228825,0.3213328799872014,eta/xi,6.394704934099551,6.685999325576625,6.39384859108775,6.686856784601274,1.5985773752966512,6.395978346678304,6.687091599933391,0.611319209043683,6.394704934099551,6.685999325576625,6.394843179091823,6.685889075685662,6.394772630473458,6.685915014750349,6.394867418358814,6.685897542170329,8.124212963123156e-05,5.512494548165492e-05,6.3944257327256615,6.687249629255595,6.39486481781261,6.6858418222034155,6.394688681951497,6.68630562024336,6.394886918287066,6.685859884523665,6.39486481781261,6.6858418222034155,0.4197229219510153,6.394812479336883,6.68591753478704,1.0354229671132549,0.9147625217086125,3.4329531541245113,3.4304268966950713,0.023106042802939188,8,23.219081789462603,0.2716225367196691
3,42.0_3.txt,42.0,119.38074729367943,5129,42.955,0.075,0.327,0.327,nan,42.62831415756635,5090,0.023458586616954078,0.011729293308477039,45.11976412968411,2.795411631646516,0.15514732150810706,0.31980783577035904,eta/xi,6.395159534301164,6.686136802105274,6.394191196671622,6.686513296745287,1.7263401051561966,6.39618416358929,6.686180226085159,0.6151053028342914,6.395159534301164,6.686136802105274,6.395275556389663,6.686061343694872,6.395213072113669,6.686076824427919,6.395304206375538,6.6860759802892,7.233603718725945e-05,3.7729205200953686e-05,6.39499996317957,6.6869450303173545,6.395276703625975,6.686030241231539,6.3951504136559265,6.6863542699981515,6.3953057034069705,6.686050722888429,6.395276703625975,6.686030241231539,0.41310342272474027,6.395276088100973,6.68607794094983,1.009948107338714,0.9148549648350245,3.436694582867598,3.409158411336457,0.02092460953670345,9,24.706007318655438,0.28005989212299
4,42.0_4.txt,42.0,119.38049599841914,4834,40.484,0.05,0.293,0.293,nan,40.190819780674445,4799,0.024881303876285822,0.012440651938142911,44.66170118759514,2.8649552663545657,0.162156910723163,0.31651372426651725,eta/xi,6.395013690824552,6.686099780491639,6.394481383034821,6.6872462713016265,1.7838112094611538,6.396739470478516,6.687520330869666,0.6966909689177017,6.395013690824552,6.686099780491639,6.395060683929373,6.685955865332041,6.395022491748481,6.685991314935599,6.395086772010616,6.685967273050373,3.654059303226376e-05,7.19575797991645e-05,6.394728152399827,6.687345383990266,6.39508553840588,6.68589732160888,6.39494262960993,6.686358031308702,6.39510953778054,6.685906725413837,6.39508553840588,6.68589732160888,0.4080156958526715,6.3950231524443035,6.685992178107901,1.0083624460946765,0.9148233690984284,3.435409782527542,3.419471316517119,0.01927286637297392,10,26.684112587660678,0.3000644047334805
5,42.0_5.txt,42.0,119.38274952547637,4844,40.567,0.05,0.117,0.117,nan,40.44973012595498,4830,0.02472204380316347,0.012361021901581734,44.767579091190456,2.9665619198241444,0.15405949476889458,0.3335586710316933,eta/xi,6.392885891885671,6.685163203008349,6.391465792841058,6.6861153067045365,1.7241205040470138,6.396110734342432,6.687567059538433,0.6421628995842547,6.392885891885671,6.685163203008349,6.392936048992899,6.684954649440353,6.392872069608971,6.68500258370888,6.392963166461324,6.684962969886783,4.5548426176544865e-05,0.00010427678399782536,6.392516595868158,6.68659749715161,6.392932095329587,6.684904373758032,6.392745066920975,6.685443933532956,6.392955474048373,6.684931854579378,6.392932095329587,6.684904373758032,0.39701649165508934,6.39294496777249,6.6849852036668125,0.9927263265078065,0.9144708731180412,3.421408237809701,3.399011456397549,0.027097751402840257,8,23.283368399087326,0.2949794010135861
1,spring1_1.txt,inf,119.38223171276753,2405,20.137,0.117,nan,0.117,nan,20.019729617304506,2391,0.04995072456601149,0.024975362283005745,nan,4.117959465604199,nan,nan,two-peak(A),6.349065595998059,nan,nan,nan,nan,nan,nan,nan,6.3489147625619795,nan,6.349065595998059,nan,6.349008017840102,nan,6.349056475996584,nan,nan,nan,6.279396383881519,6.3489147625619795,6.349065595998059,nan,6.349008017840102,nan,6.349056475996584,nan,6.349065595998059,nan,nan,nan,nan,nan,nan,nan,nan,nan,nan,17.49285969404155,nan
1,spring2_1.txt,inf,119.38091482649843,2423,20.288,0.084,nan,0.084,nan,20.20423451692817,2413,0.04949457496952668,0.02474728748476334,nan,3.1265432452231847,nan,nan,two-peak(A),6.513899952005648,nan,nan,nan,nan,nan,nan,nan,6.513857441605037,nan,6.513899952005648,nan,6.513879590307116,nan,6.513903177824691,nan,nan,nan,6.443859189515176,6.513857441605037,6.513899952005648,nan,6.513879590307116,nan,6.513903177824691,nan,6.513899952005648,nan,nan,nan,nan,nan,nan,nan,nan,nan,nan,29.546812333179407,nan
2,spring1_2.txt,inf,119.38223171276753,2405,20.137,0.092,nan,0.092,nan,20.044858985024973,2394,0.04988810351557353,0.024944051757786766,nan,3.644263128957527,nan,nan,two-peak(A),6.3463338727280965,nan,nan,nan,nan,nan,nan,nan,6.346148668935891,nan,6.3463338727280965,nan,6.3462658541364,nan,6.34632892761795,nan,nan,nan,6.276636150118563,6.346148668935891,6.3463338727280965,nan,6.3462658541364,nan,6.34632892761795,nan,6.3463338727280965,nan,nan,nan,nan,nan,nan,nan,nan,nan,nan,17.77437184575106,nan
2,spring2_2.txt,inf,119.37914857513601,2393,20.037,0.042,nan,0.042,nan,19.99511663879599,2388,0.05001221138464012,0.02500610569232006,nan,3.1101125343448057,nan,nan,two-peak(A),6.514927404452492,nan,nan,nan,nan,nan,nan,nan,6.514813736789058,nan,6.514927404452492,nan,6.514885323425642,nan,6.514941665850068,nan,nan,nan,6.4441190786621965,6.514813736789058,6.514927404452492,nan,6.514885323425642,nan,6.514941665850068,nan,6.514927404452492,nan,nan,nan,nan,nan,nan,nan,nan,nan,nan,29.260531341518238,nan
